INSERT INTO "users" (user_id,name,email,password) VALUES (756,'Phelan Hogan','Aenean.eget.magna@euismodmauris.edu','tempor'),(763,'Evelyn Cruz','sollicitudin.commodo.ipsum@eget.org','nulla.'),(770,'Callie Oliver','orci.Ut.sagittis@Infaucibus.ca','nec'),(777,'Lester Hawkins','libero.dui@lectusconvallis.com','lorem,'),(784,'Yuri Stephenson','placerat.orci@inmagnaPhasellus.com','nonummy.'),(791,'Aidan Fisher','ac@blandit.co.uk','eu,'),(798,'Amaya Sweeney','Integer.urna@duiFuscediam.org','pretium'),(805,'Cade Barron','sagittis.lobortis.mauris@amet.ca','inceptos'),(812,'Uriel Powers','eleifend@miAliquam.net','mauris'),(819,'Asher Becker','Mauris@tellusnonmagna.org','sit');
INSERT INTO "users" (user_id,name,email,password) VALUES (826,'Hedda Donaldson','nibh@sem.co.uk','tellus'),(833,'Melyssa Tran','inceptos@arcuetpede.org','porttitor'),(840,'Callie Summers','nisi.magna.sed@liberoest.net','dis'),(847,'Maris Park','nulla.vulputate@erat.org','sociis'),(854,'Quon Holcomb','arcu.eu@Integersemelit.edu','semper'),(861,'Amanda Pratt','molestie@Integer.co.uk','et,'),(868,'Bo Le','a.aliquet.vel@acarcuNunc.com','In'),(875,'Aidan Riley','dignissim.pharetra.Nam@mus.org','posuere'),(882,'Cally Howard','non.sollicitudin.a@gravida.edu','Phasellus'),(889,'Devin Leon','magnis@eliterat.ca','egestas');
INSERT INTO "users" (user_id,name,email,password) VALUES (896,'Laith Salas','auctor@felisDonectempor.net','nibh.'),(903,'Ahmed Larsen','porta.elit@mauris.co.uk','tempor,'),(910,'Erich Waller','id.sapien@semper.org','sagittis.'),(917,'Denton Ryan','amet@est.com','cursus'),(924,'Uriah Odom','amet.risus.Donec@euismodet.edu','vel'),(931,'Donna Guzman','sagittis.Duis.gravida@facilisi.org','eget,'),(938,'Howard Maldonado','Donec@luctus.net','libero'),(945,'Buckminster Miles','sit@egetlaoreetposuere.ca','Duis'),(952,'Vincent Decker','aliquet.lobortis.nisi@nibhPhasellusnulla.com','ut'),(959,'Isaac Hickman','placerat.eget.venenatis@ornare.com','pharetra');
INSERT INTO "users" (user_id,name,email,password) VALUES (966,'Elliott Haley','Phasellus@elementumlorem.edu','tristique'),(973,'Kyra Kemp','mauris@Aeneanegestashendrerit.net','sem'),(980,'Price Dale','dignissim.pharetra@arcuVestibulumante.edu','montes,'),(987,'Eugenia Stephenson','in.hendrerit.consectetuer@sociisnatoquepenatibus.com','odio'),(994,'Grady Carroll','risus.a@fermentum.co.uk','consectetuer'),(1001,'Rana Mercer','ac.mi@loremvitaeodio.net','laoreet,'),(1008,'Rama Harmon','erat.in.consectetuer@liberoestcongue.edu','Donec'),(1015,'Larissa Dillard','purus@dignissimMaecenas.net','sociis'),(1022,'Baxter Wood','ante@eget.com','Aenean'),(1029,'Charde Vance','non.magna@lorem.ca','tempor');
INSERT INTO "users" (user_id,name,email,password) VALUES (1036,'Grady Burch','arcu@lacusMaurisnon.org','ridiculus'),(1043,'Tanya Robinson','risus@eleifendCrassed.co.uk','Duis'),(1050,'Chase Bonner','magnis.dis@gravidanuncsed.net','ligula'),(1057,'Sybil Pratt','in@eratvolutpat.com','nisi'),(1064,'Justin Douglas','malesuada.malesuada.Integer@dignissimpharetraNam.org','magna.'),(1071,'Catherine Hunter','auctor@fermentum.co.uk','molestie'),(1078,'Amethyst Sellers','non.lobortis@Integer.ca','Duis'),(1085,'Kelly Trujillo','egestas.Aliquam.fringilla@cursus.com','velit'),(1092,'Reese Carpenter','non.ante@Nullamlobortis.ca','id'),(1099,'Chastity Martinez','Curabitur.egestas.nunc@ornare.ca','molestie');
INSERT INTO "users" (user_id,name,email,password) VALUES (1106,'Tucker Haney','eget.venenatis.a@sodales.net','magna.'),(1113,'Astra Lucas','congue@dis.edu','nonummy'),(1120,'Calista French','tellus.Nunc.lectus@mauris.edu','Nam'),(1127,'Maggie Wooten','sodales.purus@Maurisvestibulumneque.ca','ac'),(1134,'Roth Pena','et.rutrum.eu@faucibus.net','ipsum.'),(1141,'Rae Goff','nulla@Maecenas.net','porta'),(1148,'Mollie Garner','tempor.diam@fringilla.ca','Nunc'),(1155,'Kevin Rocha','dis.parturient@iaculis.ca','sollicitudin'),(1162,'Aidan Williamson','Nulla.tincidunt@atvelit.ca','interdum.'),(1169,'Wylie Castaneda','Sed.molestie.Sed@at.net','elementum');
INSERT INTO "users" (user_id,name,email,password) VALUES (1176,'Reuben Malone','Nunc@blanditat.net','porttitor'),(1183,'Natalie Chaney','Suspendisse.commodo.tincidunt@aliquet.net','consectetuer'),(1190,'Odessa Terry','ultrices.mauris@Curabiturdictum.com','ut'),(1197,'Patricia Harris','risus.a@Etiamlaoreet.co.uk','penatibus'),(1204,'Aidan Whitley','at@liberoMorbi.ca','ac'),(1211,'Abdul Webster','faucibus@imperdietullamcorper.ca','Donec'),(1218,'Regan Kaufman','est.arcu@etnunc.org','per'),(1225,'Elijah Hubbard','dui.nec@vitaesemperegestas.net','conubia'),(1232,'Rigel Parks','dolor@interdumfeugiatSed.ca','rutrum'),(1239,'Armando Weber','sapien.Aenean.massa@Morbiquis.co.uk','magnis');
INSERT INTO "users" (user_id,name,email,password) VALUES (1246,'Phyllis Garcia','at.fringilla.purus@facilisismagnatellus.net','dui.'),(1253,'Dominic Hayes','enim@Quisque.org','nascetur'),(1260,'Chaim Parrish','metus@sedlibero.edu','elit'),(1267,'Yen Knox','eu.metus.In@rutrumFuscedolor.org','penatibus'),(1274,'Benjamin Salas','habitant.morbi@Quisqueimperdieterat.ca','vel,'),(1281,'Heather Bishop','Nulla.eget@uteratSed.org','egestas.'),(1288,'Thomas Cotton','ante.bibendum@augue.org','Nulla'),(1295,'Chloe Blanchard','lectus.quis@tinciduntneque.edu','Proin'),(1302,'Mallory Benton','semper.rutrum.Fusce@Duisat.org','libero.'),(1309,'Leilani Strong','ridiculus.mus@justoeuarcu.org','gravida');
INSERT INTO "users" (user_id,name,email,password) VALUES (1316,'Ivan Sellers','cubilia.Curae@feugiat.edu','et'),(1323,'Hector James','pretium.neque@hymenaeosMaurisut.ca','Cras'),(1330,'Meredith Sweeney','Curae@dolorquam.edu','varius.'),(1337,'Lysandra Olsen','dictum.magna.Ut@molestie.ca','augue'),(1344,'Mary Lindsay','dictum.eleifend.nunc@semperetlacinia.org','Cras'),(1351,'Cade Jordan','egestas@Nullamlobortis.edu','eget'),(1358,'Deacon Pollard','feugiat.Sed@nibh.ca','tellus,'),(1365,'Lane West','gravida@molestiedapibus.com','varius'),(1372,'Samantha Taylor','vitae.diam@vestibulum.net','mollis.'),(1379,'Christen Glenn','tempor@Innecorci.edu','pede,');
INSERT INTO "users" (user_id,name,email,password) VALUES (1386,'Charles Downs','quis.lectus@Sedeget.net','sociis'),(1393,'Jolie Ramsey','Donec.tincidunt@purus.ca','lobortis.'),(1400,'Ima Bridges','Nunc.pulvinar.arcu@purus.com','rhoncus'),(1407,'Abbot Dunlap','mus@mauris.edu','et'),(1414,'Fatima Mooney','adipiscing@Fusce.co.uk','sed'),(1421,'Lee Ellison','mattis.Integer.eu@magnaaneque.net','aliquet,'),(1428,'Yvette Morrow','magna@dolorNulla.ca','pellentesque'),(1435,'Norman Young','vehicula@dolor.net','elit'),(1442,'Alec Murphy','ante@adipiscinglobortisrisus.ca','augue'),(1449,'Haley Terry','Cum.sociis.natoque@nonfeugiatnec.co.uk','ipsum.');

INSERT INTO "admins" (admin_id) VALUES (756),(763),(770),(777),(784),(791),(798),(805),(812),(819);
INSERT INTO "admins" (admin_id) VALUES (826),(833),(840),(847),(854),(861),(868),(875),(882),(889);

INSERT INTO "messages" (id,sender_id,receiver_id,content,sent_date) VALUES (213,861,756,'Integer urna. Vivamus molestie dapibus ligula. Aliquam erat volutpat. Nulla dignissim. Maecenas','2019-12-30 10:05:27'),(214,868,763,'a odio semper cursus. Integer mollis. Integer','2021-02-12 01:53:08'),(215,875,770,'felis purus ac tellus. Suspendisse sed dolor. Fusce mi','2021-02-12 01:50:55'),(216,882,777,'ornare egestas ligula. Nullam feugiat placerat velit. Quisque','2020-09-11 23:53:35'),(217,889,784,'libero nec ligula consectetuer rhoncus. Nullam','2019-12-23 21:56:00'),(218,896,791,'Aliquam erat volutpat. Nulla facilisis. Suspendisse commodo tincidunt nibh.','2020-03-03 02:18:44'),(219,903,798,'eleifend non, dapibus rutrum,','2021-05-30 01:05:16'),(220,910,805,'Aliquam ornare, libero at auctor','2020-06-15 00:34:54'),(221,917,812,'eu eros. Nam consequat dolor vitae dolor.','2021-05-06 07:57:46'),(222,924,819,'Nunc pulvinar arcu et pede. Nunc','2019-08-28 02:31:06');
INSERT INTO "messages" (id,sender_id,receiver_id,content,sent_date) VALUES (223,931,826,'Donec vitae erat vel pede blandit congue. In scelerisque scelerisque','2020-04-12 10:26:21'),(224,938,833,'ac tellus. Suspendisse sed dolor. Fusce mi lorem,','2021-05-18 03:33:08'),(225,945,840,'blandit at, nisi. Cum sociis','2021-03-07 12:48:31'),(226,952,847,'Vivamus nisi. Mauris nulla. Integer urna. Vivamus','2021-01-20 08:56:54'),(227,959,854,'Phasellus fermentum convallis ligula. Donec luctus aliquet odio. Etiam ligula tortor, dictum','2019-08-20 07:38:47'),(228,966,861,'ullamcorper, nisl arcu iaculis','2019-11-28 16:30:14'),(229,973,868,'gravida mauris ut mi. Duis','2020-10-02 11:17:21'),(230,980,875,'arcu vel quam dignissim pharetra. Nam ac nulla. In tincidunt congue turpis.','2021-06-07 00:28:20'),(231,987,882,'Quisque libero lacus, varius et, euismod et, commodo at, libero.','2019-10-06 19:05:42'),(232,994,889,'a felis ullamcorper viverra. Maecenas','2020-06-26 21:47:40');
INSERT INTO "messages" (id,sender_id,receiver_id,content,sent_date) VALUES (213,784,1106,'sit amet luctus vulputate, nisi','2020-10-05 10:31:14'),(214,791,1113,'blandit enim consequat purus. Maecenas libero est, congue a, aliquet','2020-12-19 15:18:56'),(215,798,1120,'Quisque fringilla euismod enim. Etiam gravida molestie arcu.','2019-12-02 17:04:13'),(216,805,1127,'odio, auctor vitae, aliquet nec, imperdiet nec, leo. Morbi neque','2021-02-03 21:53:24'),(217,812,1134,'primis in faucibus orci luctus et ultrices posuere cubilia','2021-05-10 15:07:45'),(218,819,1141,'nec orci. Donec nibh. Quisque','2020-07-28 12:33:43'),(219,826,1148,'nec, mollis vitae, posuere at, velit. Cras lorem lorem, luctus ut, pellentesque','2020-06-08 03:07:08'),(220,833,1155,'aliquam eros turpis non enim. Mauris quis','2020-04-11 09:32:18'),(221,840,1162,'varius. Nam porttitor scelerisque','2020-04-14 13:45:05'),(222,847,1169,'nunc risus varius orci, in consequat enim diam vel','2019-08-30 00:28:49');

INSERT INTO "properties" (property_id,owner_id,title,description,photo_url_1,photo_url_2,photo_url_3,photo_url_4,price,parking_spaces,number_of_bathrooms,number_of_bedrooms,street,city,province,post_code,sold,photo_url_5) VALUES (561,756,'Nisl Maecenas Malesuada Inc.','eleifend non, dapibus rutrum, justo.','https://picsum.photos/200/300','https://picsum.photos/200/300','https://picsum.photos/200/300','https://picsum.photos/200/300',3934388,2,3,2,'654-9388 Et Avenue','Arequipa','Arequipa','12387-61631','true','https://picsum.photos/200/300'),(564,763,'Eu Consulting','fermentum vel, mauris. Integer sem elit, pharetra','https://picsum.photos/200/300','https://picsum.photos/200/300','https://picsum.photos/200/300','https://picsum.photos/200/300',1713481,1,3,10,'154-7007 Aenean Av.','Topeka','Kansas','676868','true','https://picsum.photos/200/300'),(567,770,'Penatibus Et Corporation','interdum ligula eu enim. Etiam','https://picsum.photos/200/300','https://picsum.photos/200/300','https://picsum.photos/200/300','https://picsum.photos/200/300',472563,2,4,8,'P.O. Box 977, 3649 Felis Rd.','Wanaka','SI','72843','false','https://picsum.photos/200/300'),(570,777,'Id Sapien Cras Associates','Donec nibh enim, gravida sit','https://picsum.photos/200/300','https://picsum.photos/200/300','https://picsum.photos/200/300','https://picsum.photos/200/300',621287,2,4,10,'Ap #106-6355 Est. Ave','Port Lincoln','SA','19076','true','https://picsum.photos/200/300'),(573,784,'Commodo At Libero Limited','sit amet lorem','https://picsum.photos/200/300','https://picsum.photos/200/300','https://picsum.photos/200/300','https://picsum.photos/200/300',2766366,2,2,6,'Ap #533-6721 Eu Street','Hangu','Khyber Pakhtoonkhwa','77054','false','https://picsum.photos/200/300'),(576,791,'Non Sapien Industries','pede, malesuada vel, venenatis vel,','https://picsum.photos/200/300','https://picsum.photos/200/300','https://picsum.photos/200/300','https://picsum.photos/200/300',1878297,0,1,1,'163-2393 Nisl Ave','Linköping','E','30411','true','https://picsum.photos/200/300'),(579,798,'Molestie Company','Duis dignissim tempor arcu. Vestibulum','https://picsum.photos/200/300','https://picsum.photos/200/300','https://picsum.photos/200/300','https://picsum.photos/200/300',3435941,0,3,5,'194-4529 Maecenas Rd.','Itagüí','ANT','115961','true','https://picsum.photos/200/300'),(582,805,'Imperdiet Dictum Magna Foundation','placerat velit. Quisque','https://picsum.photos/200/300','https://picsum.photos/200/300','https://picsum.photos/200/300','https://picsum.photos/200/300',2429758,0,2,7,'Ap #206-6006 Lacus. Av.','Kharmang','Gilgit Baltistan','6759','false','https://picsum.photos/200/300'),(585,812,'Mauris Sit Consulting','primis in faucibus orci luctus et ultrices','https://picsum.photos/200/300','https://picsum.photos/200/300','https://picsum.photos/200/300','https://picsum.photos/200/300',3487720,0,3,1,'7697 Enim Avenue','Wrocław','DS','11090','false','https://picsum.photos/200/300'),(588,819,'Semper Pretium Institute','sit amet ornare','https://picsum.photos/200/300','https://picsum.photos/200/300','https://picsum.photos/200/300','https://picsum.photos/200/300',238431,0,2,10,'5239 Sit Ave','Shepparton','VIC','94939-05523','false','https://picsum.photos/200/300');
INSERT INTO "properties" (property_id,owner_id,title,description,photo_url_1,photo_url_2,photo_url_3,photo_url_4,price,parking_spaces,number_of_bathrooms,number_of_bedrooms,street,city,province,post_code,sold,photo_url_5) VALUES (591,826,'Tellus Lorem Eu Corp.','dapibus ligula. Aliquam erat volutpat. Nulla','https://picsum.photos/200/300','https://picsum.photos/200/300','https://picsum.photos/200/300','https://picsum.photos/200/300',10849,1,1,1,'159-7967 Congue Ave','Bafra','Samsun','18478','false','https://picsum.photos/200/300'),(594,833,'Pede Nec Ltd','ultrices posuere cubilia Curae; Phasellus','https://picsum.photos/200/300','https://picsum.photos/200/300','https://picsum.photos/200/300','https://picsum.photos/200/300',97439,3,3,1,'Ap #690-7094 Congue. Street','Olathe','Kansas','WC8 7CK','true','https://picsum.photos/200/300'),(597,840,'Pede Corporation','purus. Duis elementum, dui quis accumsan convallis,','https://picsum.photos/200/300','https://picsum.photos/200/300','https://picsum.photos/200/300','https://picsum.photos/200/300',3315008,0,4,4,'413-1208 At Avenue','Elsene','BU','144025','false','https://picsum.photos/200/300'),(600,847,'Quisque Tincidunt Pede LLC','lorem, sit amet ultricies sem magna nec','https://picsum.photos/200/300','https://picsum.photos/200/300','https://picsum.photos/200/300','https://picsum.photos/200/300',811308,1,3,5,'P.O. Box 350, 5017 Dignissim St.','Varanasi','Uttar Pradesh','951459','true','https://picsum.photos/200/300'),(603,854,'Vitae Semper Egestas Institute','lacus. Quisque imperdiet, erat','https://picsum.photos/200/300','https://picsum.photos/200/300','https://picsum.photos/200/300','https://picsum.photos/200/300',3575498,3,2,8,'3846 Vivamus Rd.','Vienna','Vienna','G3 3NL','true','https://picsum.photos/200/300'),(606,861,'In Tempus Consulting','Aliquam fringilla cursus purus. Nullam','https://picsum.photos/200/300','https://picsum.photos/200/300','https://picsum.photos/200/300','https://picsum.photos/200/300',1490878,1,1,6,'Ap #713-4918 Ligula Road','Jaén','Cajamarca','57423','false','https://picsum.photos/200/300'),(609,868,'Dolor LLP','vitae sodales nisi magna sed','https://picsum.photos/200/300','https://picsum.photos/200/300','https://picsum.photos/200/300','https://picsum.photos/200/300',3333700,2,1,4,'9363 Quam Rd.','Medellín','ANT','19152','false','https://picsum.photos/200/300'),(612,875,'Nec Foundation','sit amet, consectetuer adipiscing elit. Etiam','https://picsum.photos/200/300','https://picsum.photos/200/300','https://picsum.photos/200/300','https://picsum.photos/200/300',677042,2,1,4,'777-2657 Ac St.','Castelló','CV','41076','true','https://picsum.photos/200/300'),(615,882,'Nec Quam LLC','blandit. Nam nulla','https://picsum.photos/200/300','https://picsum.photos/200/300','https://picsum.photos/200/300','https://picsum.photos/200/300',1540930,3,2,5,'P.O. Box 670, 8963 Ac Street','Gander','Newfoundland and Labrador','36945','true','https://picsum.photos/200/300'),(618,889,'Cras Convallis Convallis Inc.','ac arcu. Nunc mauris. Morbi non','https://picsum.photos/200/300','https://picsum.photos/200/300','https://picsum.photos/200/300','https://picsum.photos/200/300',819295,2,2,4,'Ap #428-7793 Lorem Rd.','Traralgon','Victoria','32-482','true','https://picsum.photos/200/300');

INSERT INTO "favourites" (user_id,property_id) VALUES (756,561),(763,564),(770,567),(777,570),(784,573),(791,576),(798,579),(805,582),(812,585),(819,588);
INSERT INTO "favourites" (user_id,property_id) VALUES (826,591),(833,594),(840,597),(847,600),(854,603),(861,606),(868,609),(875,612),(882,615),(889,618);
